<?xml version="1.0" encoding="UTF-8"?>
<configurationDescriptor version="95">
  <logicalFolder name="root" displayName="root" projectFiles="true" kind="ROOT">
    <df root="." name="0">
      <df name="bin">
      </df>
      <df name="examples">
        <df name="1a1z-simulated-data">
          <df name="1Hz">
          </df>
          <df name="2Hz">
          </df>
          <df name="3Hz">
          </df>
          <df name="4Hz">
          </df>
        </df>
        <df name="1brf">
          <df name="Frag1">
          </df>
          <df name="Frag2">
          </df>
        </df>
        <df name="1d3z">
          <df name="1d3z.2.2">
          </df>
          <df name="1d3z.3.3">
          </df>
          <df name="1d3z.4.4">
          </df>
        </df>
        <df name="1p7e">
          <df name="1p7e.2.2">
            <df name="run1">
            </df>
            <df name="run2">
            </df>
            <df name="run3">
            </df>
            <df name="run4">
            </df>
          </df>
          <df name="1p7e.3.3">
            <df name="frag1">
            </df>
            <df name="frag2">
            </df>
          </df>
        </df>
      </df>
      <df name="scripts">
        <df name="Developer">
        </df>
        <df name="refinement">
        </df>
      </df>
      <df name="source">
        <df name="eigen">
          <df name="src">
            <df name="Cholesky">
              <in>LDLT.h</in>
              <in>LLT.h</in>
            </df>
            <df name="Core">
              <df name="arch">
                <df name="AltiVec">
                  <in>Complex.h</in>
                  <in>PacketMath.h</in>
                </df>
                <df name="Default">
                  <in>Settings.h</in>
                </df>
                <df name="NEON">
                  <in>Complex.h</in>
                  <in>PacketMath.h</in>
                </df>
                <df name="SSE">
                  <in>Complex.h</in>
                  <in>MathFunctions.h</in>
                  <in>PacketMath.h</in>
                </df>
              </df>
              <df name="products">
                <in>CoeffBasedProduct.h</in>
                <in>GeneralBlockPanelKernel.h</in>
                <in>GeneralMatrixMatrix.h</in>
                <in>GeneralMatrixMatrixTriangular.h</in>
                <in>GeneralMatrixVector.h</in>
                <in>Parallelizer.h</in>
                <in>SelfadjointMatrixMatrix.h</in>
                <in>SelfadjointMatrixVector.h</in>
                <in>SelfadjointProduct.h</in>
                <in>SelfadjointRank2Update.h</in>
                <in>TriangularMatrixMatrix.h</in>
                <in>TriangularMatrixVector.h</in>
                <in>TriangularSolverMatrix.h</in>
                <in>TriangularSolverVector.h</in>
              </df>
              <df name="util">
                <in>BlasUtil.h</in>
                <in>Constants.h</in>
                <in>DisableStupidWarnings.h</in>
                <in>ForwardDeclarations.h</in>
                <in>Macros.h</in>
                <in>Memory.h</in>
                <in>Meta.h</in>
                <in>ReenableStupidWarnings.h</in>
                <in>StaticAssert.h</in>
                <in>XprHelper.h</in>
              </df>
              <in>Array.h</in>
              <in>ArrayBase.h</in>
              <in>ArrayWrapper.h</in>
              <in>Assign.h</in>
              <in>BandMatrix.h</in>
              <in>Block.h</in>
              <in>BooleanRedux.h</in>
              <in>CommaInitializer.h</in>
              <in>CwiseBinaryOp.h</in>
              <in>CwiseNullaryOp.h</in>
              <in>CwiseUnaryOp.h</in>
              <in>CwiseUnaryView.h</in>
              <in>DenseBase.h</in>
              <in>DenseCoeffsBase.h</in>
              <in>DenseStorage.h</in>
              <in>Diagonal.h</in>
              <in>DiagonalMatrix.h</in>
              <in>DiagonalProduct.h</in>
              <in>Dot.h</in>
              <in>EigenBase.h</in>
              <in>Flagged.h</in>
              <in>ForceAlignedAccess.h</in>
              <in>Functors.h</in>
              <in>Fuzzy.h</in>
              <in>GenericPacketMath.h</in>
              <in>GlobalFunctions.h</in>
              <in>IO.h</in>
              <in>Map.h</in>
              <in>MapBase.h</in>
              <in>MathFunctions.h</in>
              <in>Matrix.h</in>
              <in>MatrixBase.h</in>
              <in>NestByValue.h</in>
              <in>NoAlias.h</in>
              <in>NumTraits.h</in>
              <in>PermutationMatrix.h</in>
              <in>PlainObjectBase.h</in>
              <in>Product.h</in>
              <in>ProductBase.h</in>
              <in>Random.h</in>
              <in>Redux.h</in>
              <in>Replicate.h</in>
              <in>ReturnByValue.h</in>
              <in>Reverse.h</in>
              <in>Select.h</in>
              <in>SelfAdjointView.h</in>
              <in>SelfCwiseBinaryOp.h</in>
              <in>SolveTriangular.h</in>
              <in>StableNorm.h</in>
              <in>Stride.h</in>
              <in>Swap.h</in>
              <in>Transpose.h</in>
              <in>Transpositions.h</in>
              <in>TriangularMatrix.h</in>
              <in>VectorBlock.h</in>
              <in>VectorwiseOp.h</in>
              <in>Visitor.h</in>
            </df>
            <df name="Eigen2Support">
              <df name="Geometry">
                <in>AlignedBox.h</in>
                <in>All.h</in>
                <in>AngleAxis.h</in>
                <in>Hyperplane.h</in>
                <in>ParametrizedLine.h</in>
                <in>Quaternion.h</in>
                <in>Rotation2D.h</in>
                <in>RotationBase.h</in>
                <in>Scaling.h</in>
                <in>Transform.h</in>
                <in>Translation.h</in>
              </df>
              <in>Block.h</in>
              <in>Cwise.h</in>
              <in>CwiseOperators.h</in>
              <in>LU.h</in>
              <in>Lazy.h</in>
              <in>LeastSquares.h</in>
              <in>Macros.h</in>
              <in>MathFunctions.h</in>
              <in>Memory.h</in>
              <in>Meta.h</in>
              <in>Minor.h</in>
              <in>QR.h</in>
              <in>SVD.h</in>
              <in>TriangularSolver.h</in>
              <in>VectorBlock.h</in>
            </df>
            <df name="Eigenvalues">
              <in>ComplexEigenSolver.h</in>
              <in>ComplexSchur.h</in>
              <in>EigenSolver.h</in>
              <in>EigenvaluesCommon.h</in>
              <in>GeneralizedSelfAdjointEigenSolver.h</in>
              <in>HessenbergDecomposition.h</in>
              <in>MatrixBaseEigenvalues.h</in>
              <in>RealSchur.h</in>
              <in>SelfAdjointEigenSolver.h</in>
              <in>Tridiagonalization.h</in>
            </df>
            <df name="Geometry">
              <df name="arch">
                <in>Geometry_SSE.h</in>
              </df>
              <in>AlignedBox.h</in>
              <in>AngleAxis.h</in>
              <in>EulerAngles.h</in>
              <in>Homogeneous.h</in>
              <in>Hyperplane.h</in>
              <in>OrthoMethods.h</in>
              <in>ParametrizedLine.h</in>
              <in>Quaternion.h</in>
              <in>Rotation2D.h</in>
              <in>RotationBase.h</in>
              <in>Scaling.h</in>
              <in>Transform.h</in>
              <in>Translation.h</in>
              <in>Umeyama.h</in>
            </df>
            <df name="Householder">
              <in>BlockHouseholder.h</in>
              <in>Householder.h</in>
              <in>HouseholderSequence.h</in>
            </df>
            <df name="Jacobi">
              <in>Jacobi.h</in>
            </df>
            <df name="LU">
              <df name="arch">
                <in>Inverse_SSE.h</in>
              </df>
              <in>Determinant.h</in>
              <in>FullPivLU.h</in>
              <in>Inverse.h</in>
              <in>PartialPivLU.h</in>
            </df>
            <df name="misc">
              <in>Image.h</in>
              <in>Kernel.h</in>
              <in>Solve.h</in>
            </df>
            <df name="plugins">
              <in>ArrayCwiseBinaryOps.h</in>
              <in>ArrayCwiseUnaryOps.h</in>
              <in>BlockMethods.h</in>
              <in>CommonCwiseBinaryOps.h</in>
              <in>CommonCwiseUnaryOps.h</in>
              <in>MatrixCwiseBinaryOps.h</in>
              <in>MatrixCwiseUnaryOps.h</in>
            </df>
            <df name="QR">
              <in>ColPivHouseholderQR.h</in>
              <in>FullPivHouseholderQR.h</in>
              <in>HouseholderQR.h</in>
            </df>
            <df name="Sparse">
              <in>AmbiVector.h</in>
              <in>CompressedStorage.h</in>
              <in>CoreIterators.h</in>
              <in>DynamicSparseMatrix.h</in>
              <in>MappedSparseMatrix.h</in>
              <in>SparseAssign.h</in>
              <in>SparseBlock.h</in>
              <in>SparseCwiseBinaryOp.h</in>
              <in>SparseCwiseUnaryOp.h</in>
              <in>SparseDenseProduct.h</in>
              <in>SparseDiagonalProduct.h</in>
              <in>SparseDot.h</in>
              <in>SparseFuzzy.h</in>
              <in>SparseMatrix.h</in>
              <in>SparseMatrixBase.h</in>
              <in>SparseProduct.h</in>
              <in>SparseRedux.h</in>
              <in>SparseSelfAdjointView.h</in>
              <in>SparseSparseProduct.h</in>
              <in>SparseTranspose.h</in>
              <in>SparseTriangularView.h</in>
              <in>SparseUtil.h</in>
              <in>SparseVector.h</in>
              <in>SparseView.h</in>
              <in>TriangularSolver.h</in>
            </df>
            <df name="StlSupport">
              <in>StdDeque.h</in>
              <in>StdList.h</in>
              <in>StdVector.h</in>
              <in>details.h</in>
            </df>
            <df name="SVD">
              <in>JacobiSVD.h</in>
              <in>UpperBidiagonalization.h</in>
            </df>
          </df>
        </df>
        <df name="lm">
          <in>Axb.c</in>
          <in>Axb_core.c</in>
          <in>compiler.h</in>
          <in>lm.c</in>
          <in>lm.h</in>
          <in>lm_core.c</in>
          <in>lmbc.c</in>
          <in>lmbc_core.c</in>
          <in>lmblec.c</in>
          <in>lmlec.c</in>
          <in>misc.c</in>
          <in>misc.h</in>
          <in>misc_core.c</in>
        </df>
        <df name="rude_config">
          <in>AbstractData.cpp</in>
          <in>AbstractData.h</in>
          <in>AbstractOrganiser.cpp</in>
          <in>AbstractOrganiser.h</in>
          <in>AbstractParser.cpp</in>
          <in>AbstractParser.h</in>
          <in>AbstractWriter.cpp</in>
          <in>AbstractWriter.h</in>
          <in>Base64Encoder.cpp</in>
          <in>Base64Encoder.h</in>
          <in>Comment.cpp</in>
          <in>Comment.h</in>
          <in>ConfigImpl.cpp</in>
          <in>ConfigImpl.h</in>
          <in>DataLine.cpp</in>
          <in>DataLine.h</in>
          <in>File.cpp</in>
          <in>File.h</in>
          <in>KeyValue.cpp</in>
          <in>KeyValue.h</in>
          <in>ParserJuly2004.cpp</in>
          <in>ParserJuly2004.h</in>
          <in>RealOrganiser.cpp</in>
          <in>RealOrganiser.h</in>
          <in>Section.cpp</in>
          <in>Section.h</in>
          <in>WhiteSpace.cpp</in>
          <in>WhiteSpace.h</in>
          <in>Writer.cpp</in>
          <in>Writer.h</in>
          <in>config.cpp</in>
          <in>config.h</in>
        </df>
        <in>aminoacid.cpp</in>
        <in>aminoacid.h</in>
        <in>atom.cpp</in>
        <in>atom.h</in>
        <in>cluster_collection.cpp</in>
        <in>cluster_collection.h</in>
        <in>cmin.cpp</in>
        <in>evaluate.cpp</in>
        <in>exmin.cpp</in>
        <in>functions.cpp</in>
        <in>generate_structure.cpp</in>
        <in>lm-min.cpp</in>
        <in>matrix.cpp</in>
        <in>matrix.h</in>
        <in>molan.cpp</in>
        <in>polypeptide.cpp</in>
        <in>polypeptide.h</in>
        <in>redcat.cpp</in>
        <in>redcat.h</in>
        <in>redcraft.cpp</in>
        <in>redcraft.h</in>
        <in>rotation.cpp</in>
        <in>rotation.h</in>
        <in>stage1.cpp</in>
        <in>stage2.cpp</in>
        <in>stage_1_point_5.cpp</in>
        <in>tensor.cpp</in>
        <in>tensor.h</in>
        <in>tstorage.cpp</in>
        <in>tstorage.h</in>
        <in>umin.cpp</in>
      </df>
    </df>
  </logicalFolder>
  <projectmakefile>redcraft-Makefile.mk</projectmakefile>
  <confs>
    <conf name="Default" type="0">
      <toolsSet>
        <developmentServer>localhost</developmentServer>
        <platform>2</platform>
      </toolsSet>
      <compile>
        <compiledirpicklist>
          <compiledirpicklistitem>.</compiledirpicklistitem>
          <compiledirpicklistitem>${AUTO_FOLDER}</compiledirpicklistitem>
        </compiledirpicklist>
        <compiledir>${AUTO_FOLDER}</compiledir>
        <compilecommandpicklist>
          <compilecommandpicklistitem>${MAKE} ${ITEM_NAME}.o</compilecommandpicklistitem>
          <compilecommandpicklistitem>${AUTO_COMPILE}</compilecommandpicklistitem>
        </compilecommandpicklist>
        <compilecommand>${AUTO_COMPILE}</compilecommand>
      </compile>
      <dbx_gdbdebugger version="1">
        <gdb_pathmaps>
        </gdb_pathmaps>
        <gdb_interceptlist>
          <gdbinterceptoptions gdb_all="false" gdb_unhandled="true" gdb_unexpected="true"/>
        </gdb_interceptlist>
        <gdb_options>
          <DebugOptions>
          </DebugOptions>
        </gdb_options>
        <gdb_buildfirst gdb_buildfirst_overriden="false" gdb_buildfirst_old="false"/>
      </dbx_gdbdebugger>
      <nativedebugger version="1">
        <engine>gdb</engine>
      </nativedebugger>
      <runprofile version="9">
        <runcommandpicklist>
          <runcommandpicklistitem>"${OUTPUT_PATH}"</runcommandpicklistitem>
        </runcommandpicklist>
        <runcommand>"${OUTPUT_PATH}"</runcommand>
        <rundir></rundir>
        <buildfirst>true</buildfirst>
        <terminal-type>0</terminal-type>
        <remove-instrumentation>0</remove-instrumentation>
        <environment>
        </environment>
      </runprofile>
    </conf>
  </confs>
</configurationDescriptor>
