<?xml version="1.0" encoding="UTF-8"?>
<configurationDescriptor version="95">
  <logicalFolder name="root" displayName="root" projectFiles="true" kind="ROOT">
    <df root="." name="0">
      <df name="source">
        <df name="lm">
          <in>Axb.c</in>
          <in>Axb_core.c</in>
          <in>lm.c</in>
          <in>lm_core.c</in>
          <in>lmbc.c</in>
          <in>lmbc_core.c</in>
          <in>lmblec.c</in>
          <in>lmlec.c</in>
          <in>misc.c</in>
          <in>misc_core.c</in>
        </df>
        <df name="rude_config">
          <in>AbstractData.cpp</in>
          <in>AbstractOrganiser.cpp</in>
          <in>AbstractParser.cpp</in>
          <in>AbstractWriter.cpp</in>
          <in>Base64Encoder.cpp</in>
          <in>Comment.cpp</in>
          <in>ConfigImpl.cpp</in>
          <in>DataLine.cpp</in>
          <in>File.cpp</in>
          <in>KeyValue.cpp</in>
          <in>ParserJuly2004.cpp</in>
          <in>RealOrganiser.cpp</in>
          <in>Section.cpp</in>
          <in>WhiteSpace.cpp</in>
          <in>Writer.cpp</in>
          <in>config.cpp</in>
        </df>
        <in>aminoacid.cpp</in>
        <in>atom.cpp</in>
        <in>cluster_collection.cpp</in>
        <in>cmin.cpp</in>
        <in>evaluate.cpp</in>
        <in>exmin.cpp</in>
        <in>functions.cpp</in>
        <in>generate_structure.cpp</in>
        <in>lm-min.cpp</in>
        <in>matrix.cpp</in>
        <in>molan.cpp</in>
        <in>polypeptide.cpp</in>
        <in>redcat.cpp</in>
        <in>redcraft.cpp</in>
        <in>rotation.cpp</in>
        <in>stage1.cpp</in>
        <in>stage2.cpp</in>
        <in>stage_1_point_5.cpp</in>
        <in>tensor.cpp</in>
        <in>tstorage.cpp</in>
        <in>umin.cpp</in>
      </df>
    </df>
    <logicalFolder name="ExternalFiles"
                   displayName="Important Files"
                   projectFiles="false"
                   root=".">
      <itemPath>Makefile</itemPath>
      <itemPath>redcraft-Makefile.mk</itemPath>
    </logicalFolder>
  </logicalFolder>
  <sourceRootList>
    <Elem>.</Elem>
  </sourceRootList>
  <projectmakefile>redcraft-Makefile.mk</projectmakefile>
  <confs>
    <conf name="Default" type="0">
      <toolsSet>
        <compilerSet>GNU|GNU</compilerSet>
        <dependencyChecking>false</dependencyChecking>
        <rebuildPropChanged>false</rebuildPropChanged>
      </toolsSet>
      <flagsDictionary>
        <element flagsID="0" commonFlags="-fopenmp"/>
      </flagsDictionary>
      <codeAssistance>
      </codeAssistance>
      <makefileType>
        <makeTool>
          <buildCommandWorkingDir>.</buildCommandWorkingDir>
          <buildCommand>${MAKE} -f Makefile</buildCommand>
          <cleanCommand>${MAKE} -f Makefile clean</cleanCommand>
          <executablePath></executablePath>
        </makeTool>
      </makefileType>
      <folder path="0/source/rude_config">
        <ccTool>
          <incDir>
            <pElem>source</pElem>
            <pElem>.</pElem>
          </incDir>
        </ccTool>
      </folder>
      <item path="source/aminoacid.cpp" ex="false" tool="1" flavor2="0">
        <ccTool flags="0">
          <incDir>
            <pElem>source</pElem>
            <pElem>.</pElem>
          </incDir>
        </ccTool>
      </item>
      <item path="source/atom.cpp" ex="false" tool="1" flavor2="0">
        <ccTool flags="0">
          <incDir>
            <pElem>source</pElem>
            <pElem>.</pElem>
          </incDir>
        </ccTool>
      </item>
      <item path="source/cluster_collection.cpp" ex="false" tool="1" flavor2="0">
        <ccTool flags="0">
          <incDir>
            <pElem>source</pElem>
            <pElem>.</pElem>
          </incDir>
        </ccTool>
      </item>
      <item path="source/cmin.cpp" ex="false" tool="1" flavor2="4">
      </item>
      <item path="source/evaluate.cpp" ex="false" tool="1" flavor2="4">
      </item>
      <item path="source/exmin.cpp" ex="false" tool="1" flavor2="4">
      </item>
      <item path="source/functions.cpp" ex="false" tool="1" flavor2="4">
      </item>
      <item path="source/generate_structure.cpp" ex="false" tool="1" flavor2="4">
      </item>
      <item path="source/lm-min.cpp" ex="false" tool="1" flavor2="4">
      </item>
      <item path="source/lm/Axb.c" ex="false" tool="0" flavor2="2">
      </item>
      <item path="source/lm/Axb_core.c" ex="false" tool="0" flavor2="2">
      </item>
      <item path="source/lm/lm.c" ex="false" tool="0" flavor2="2">
      </item>
      <item path="source/lm/lm_core.c" ex="false" tool="0" flavor2="2">
      </item>
      <item path="source/lm/lmbc.c" ex="false" tool="0" flavor2="2">
      </item>
      <item path="source/lm/lmbc_core.c" ex="false" tool="0" flavor2="2">
      </item>
      <item path="source/lm/lmblec.c" ex="false" tool="0" flavor2="2">
      </item>
      <item path="source/lm/lmlec.c" ex="false" tool="0" flavor2="2">
      </item>
      <item path="source/lm/misc.c" ex="false" tool="0" flavor2="2">
      </item>
      <item path="source/lm/misc_core.c" ex="false" tool="0" flavor2="2">
      </item>
      <item path="source/matrix.cpp" ex="false" tool="1" flavor2="0">
        <ccTool flags="0">
          <incDir>
            <pElem>source</pElem>
            <pElem>.</pElem>
          </incDir>
        </ccTool>
      </item>
      <item path="source/molan.cpp" ex="false" tool="1" flavor2="4">
      </item>
      <item path="source/polypeptide.cpp" ex="false" tool="1" flavor2="0">
        <ccTool flags="0">
          <incDir>
            <pElem>source</pElem>
            <pElem>.</pElem>
          </incDir>
        </ccTool>
      </item>
      <item path="source/redcat.cpp" ex="false" tool="1" flavor2="0">
        <ccTool flags="0">
          <incDir>
            <pElem>source</pElem>
            <pElem>.</pElem>
          </incDir>
        </ccTool>
      </item>
      <item path="source/redcraft.cpp" ex="false" tool="1" flavor2="0">
        <ccTool flags="0">
          <incDir>
            <pElem>source</pElem>
            <pElem>.</pElem>
          </incDir>
        </ccTool>
      </item>
      <item path="source/rotation.cpp" ex="false" tool="1" flavor2="0">
        <ccTool flags="0">
          <incDir>
            <pElem>source</pElem>
            <pElem>.</pElem>
          </incDir>
        </ccTool>
      </item>
      <item path="source/rude_config/AbstractData.cpp"
            ex="false"
            tool="1"
            flavor2="0">
      </item>
      <item path="source/rude_config/AbstractOrganiser.cpp"
            ex="false"
            tool="1"
            flavor2="0">
      </item>
      <item path="source/rude_config/AbstractParser.cpp"
            ex="false"
            tool="1"
            flavor2="0">
      </item>
      <item path="source/rude_config/AbstractWriter.cpp"
            ex="false"
            tool="1"
            flavor2="0">
      </item>
      <item path="source/rude_config/Base64Encoder.cpp"
            ex="false"
            tool="1"
            flavor2="0">
      </item>
      <item path="source/rude_config/Comment.cpp" ex="false" tool="1" flavor2="0">
      </item>
      <item path="source/rude_config/ConfigImpl.cpp" ex="false" tool="1" flavor2="0">
      </item>
      <item path="source/rude_config/DataLine.cpp" ex="false" tool="1" flavor2="0">
      </item>
      <item path="source/rude_config/File.cpp" ex="false" tool="1" flavor2="0">
      </item>
      <item path="source/rude_config/KeyValue.cpp" ex="false" tool="1" flavor2="0">
      </item>
      <item path="source/rude_config/ParserJuly2004.cpp"
            ex="false"
            tool="1"
            flavor2="0">
      </item>
      <item path="source/rude_config/RealOrganiser.cpp"
            ex="false"
            tool="1"
            flavor2="0">
      </item>
      <item path="source/rude_config/Section.cpp" ex="false" tool="1" flavor2="0">
      </item>
      <item path="source/rude_config/WhiteSpace.cpp" ex="false" tool="1" flavor2="0">
      </item>
      <item path="source/rude_config/Writer.cpp" ex="false" tool="1" flavor2="0">
      </item>
      <item path="source/rude_config/config.cpp" ex="false" tool="1" flavor2="0">
      </item>
      <item path="source/stage1.cpp" ex="false" tool="1" flavor2="4">
      </item>
      <item path="source/stage2.cpp" ex="false" tool="1" flavor2="0">
        <ccTool flags="0">
          <incDir>
            <pElem>source</pElem>
            <pElem>.</pElem>
          </incDir>
        </ccTool>
      </item>
      <item path="source/stage_1_point_5.cpp" ex="false" tool="1" flavor2="4">
      </item>
      <item path="source/tensor.cpp" ex="false" tool="1" flavor2="0">
        <ccTool flags="0">
          <incDir>
            <pElem>source</pElem>
            <pElem>.</pElem>
          </incDir>
        </ccTool>
      </item>
      <item path="source/tstorage.cpp" ex="false" tool="1" flavor2="0">
        <ccTool flags="0">
          <incDir>
            <pElem>source</pElem>
            <pElem>.</pElem>
          </incDir>
        </ccTool>
      </item>
      <item path="source/umin.cpp" ex="false" tool="1" flavor2="4">
      </item>
    </conf>
  </confs>
</configurationDescriptor>
